Cause,Deaths,Population,Crude Rate,Percent
Female,602,13756654,4.4,21.14506498
Male,2245,13226909,17,78.85493502
