Cause,Deaths,Population,Rate,Percent,Total_Rate
Female,602,13756654,4.4,21.14506498,10.6
Male,2245,13226909,17,78.85493502,10.6
