Cause,Deaths,Percent
April,221,8.815317112
August,209,8.336657359
December,162,6.461906661
February,177,7.060231352
January,236,9.413641803
July,203,8.097327483
June,216,8.615875548
March,221,8.815317112
May,214,8.536098923
November,223,8.895093738
October,196,7.818109294
September,229,9.134423614
