Cause,Deaths,Population,Rate,Percent,Total_Rate
5-14 Yrs,28,3706381,0.8,0.983491394,11.4
15-24 Yrs,391,3896665,10,13.73375483,11.4
25-34 Yrs,534,4309347,12.4,18.75658588,11.4
35-44 Yrs,521,3977970,13.1,18.29996488,11.4
45-54 Yrs,620,3696063,16.8,21.77730945,11.4
55-64 Yrs,387,2690859,14.4,13.59325606,11.4
65-74 Yrs,178,1558173,11.4,6.252195293,11.4
75-84 Yrs,136,897517,15.2,4.776958202,11.4
85+ Yrs,52,338262,15.4,1.826484018,11.4
